date,weekday,province_code,special,prize1,prize2,prize3_1,prize3_2,prize4_1,prize4_2,prize4_3,prize4_4,prize4_5,prize4_6,prize4_7,prize5,prize6_1,prize6_2,prize6_3,prize7,prize8,signature,source_url,qc_status
2020-01-06,Monday,DONG_THAP,661676,35629,57493,57156,44052,08057,41837,22255,56202,84010,90776,13645,4305,2763,4884,3174,897,51,37a819efada7373c,https://xoso.com.vn/xsmn-06-01-2020.html,OK
2020-01-13,Monday,DONG_THAP,048684,95029,44098,22335,58879,37750,46624,38965,42957,84453,71756,76759,1996,0943,6445,4983,730,99,f466a987a5deb3a1,https://xoso.com.vn/xsmn-13-01-2020.html,OK
2020-01-20,Monday,DONG_THAP,026183,04236,07364,95650,32158,54867,92761,17562,59625,77589,80984,05379,1176,3913,3367,5198,032,15,f0fc9d98d434bd72,https://xoso.com.vn/xsmn-20-01-2020.html,OK
2020-01-27,Monday,DONG_THAP,535779,78940,22871,14744,92847,87926,82867,53891,92634,63339,83224,86248,9096,0102,4249,3247,432,70,5d00813c473d0175,https://xoso.com.vn/xsmn-27-01-2020.html,OK
2020-02-03,Monday,DONG_THAP,443764,31364,56356,55556,45078,17559,08219,20601,26019,34086,08825,99266,4877,9528,7463,6233,405,13,7e4f9a75ddd2c0d4,https://xoso.com.vn/xsmn-03-02-2020.html,OK
2020-02-10,Monday,DONG_THAP,805978,19843,99573,46468,15968,94149,33335,13199,38561,07719,77223,74658,9185,8153,2916,4221,509,88,ff8f67951d619d59,https://xoso.com.vn/xsmn-10-02-2020.html,OK
2020-02-17,Monday,DONG_THAP,984741,10388,25525,18110,51398,37239,33783,55197,02464,24925,03262,48181,7942,3863,7965,4971,492,03,c45d0c1531a497b6,https://xoso.com.vn/xsmn-17-02-2020.html,OK
2020-02-24,Monday,DONG_THAP,812057,10381,89698,88635,70532,01721,72236,42221,92487,11614,28213,61915,2211,1356,0338,1242,554,39,65ae0aa1a587ba51,https://xoso.com.vn/xsmn-24-02-2020.html,OK
2020-03-02,Monday,DONG_THAP,776312,47410,79463,54502,93919,28232,21978,08052,87289,79163,88809,97520,8723,1547,1691,2418,966,35,eb1716e23673492f,https://xoso.com.vn/xsmn-02-03-2020.html,OK
2020-03-09,Monday,DONG_THAP,678282,98286,77354,84165,40637,38197,14689,70171,44903,09278,39678,57498,9588,4171,9893,7608,646,08,cb07f697c8a100f9,https://xoso.com.vn/xsmn-09-03-2020.html,OK
2020-03-16,Monday,DONG_THAP,806051,43290,60222,73805,73851,75276,21979,05504,66660,79195,06953,27476,0385,6490,2825,9681,386,85,082fcb668eee62a7,https://xoso.com.vn/xsmn-16-03-2020.html,OK
2020-03-23,Monday,DONG_THAP,959294,01213,92841,06152,04833,46876,28713,50003,13440,44695,41948,55523,0971,3649,4220,4388,293,03,51992ca2e6aaa015,https://xoso.com.vn/xsmn-23-03-2020.html,OK
2020-03-30,Monday,DONG_THAP,038564,50626,73238,14311,29641,97357,29909,87170,20362,03094,05063,72774,3278,1610,3887,2518,226,35,43fca521747887d6,https://xoso.com.vn/xsmn-30-03-2020.html,OK
2020-05-04,Monday,DONG_THAP,032857,98268,43640,68455,92160,74502,16674,54273,22909,62377,57962,08016,9389,1165,6602,2982,552,78,ade27c6c4c338b47,https://xoso.com.vn/xsmn-04-05-2020.html,OK
2020-05-11,Monday,DONG_THAP,480245,25960,39982,78390,59776,18029,79857,92474,10464,95698,96556,13109,3906,3285,1603,4869,351,67,b82ea5192400d02e,https://xoso.com.vn/xsmn-11-05-2020.html,OK
2020-05-18,Monday,DONG_THAP,806225,42372,83207,62885,85858,73217,58900,70418,29395,41250,90538,74840,1859,3884,2120,5302,084,72,93f15626458e744d,https://xoso.com.vn/xsmn-18-05-2020.html,OK
2020-05-25,Monday,DONG_THAP,435985,14003,85575,22806,87884,70105,36304,56206,77197,92273,49990,45653,0061,5585,3293,7205,909,87,102bbe356b9a19c1,https://xoso.com.vn/xsmn-25-05-2020.html,OK
2020-06-01,Monday,DONG_THAP,998875,21479,90214,71321,67730,86914,92214,50370,01928,47475,56711,96788,0115,4235,8130,3627,390,81,fddd206d66ac3214,https://xoso.com.vn/xsmn-01-06-2020.html,OK
2020-06-08,Monday,DONG_THAP,008148,53556,73080,10384,21768,58952,83066,99222,53563,77525,26078,27849,1857,3903,8025,7033,830,03,7a7020941860fba6,https://xoso.com.vn/xsmn-08-06-2020.html,OK
2020-06-15,Monday,DONG_THAP,520384,15796,90150,02427,80389,19335,95245,34560,02698,27170,43830,79668,3797,5366,9625,7838,362,21,bf0e2288952ae244,https://xoso.com.vn/xsmn-15-06-2020.html,OK
2020-06-22,Monday,DONG_THAP,522167,01325,38154,18298,88609,29491,16517,84058,30616,33430,54617,19286,2092,1798,7431,7747,276,63,1ae5f31eb7d2c296,https://xoso.com.vn/xsmn-22-06-2020.html,OK
2020-06-29,Monday,DONG_THAP,897590,83606,47039,29827,17093,55855,84920,13833,84168,85738,89433,96267,6731,7132,4573,8470,943,44,8bbfe398be265b74,https://xoso.com.vn/xsmn-29-06-2020.html,OK
2020-07-06,Monday,DONG_THAP,535739,14367,02580,45724,18113,88287,84891,26873,28894,91846,33633,33369,3348,2031,6588,8699,853,00,2b0ae4a719daab9f,https://xoso.com.vn/xsmn-06-07-2020.html,OK
2020-07-13,Monday,DONG_THAP,703276,83721,08313,67803,36462,01919,10049,18681,94815,55353,50761,91626,2292,1892,3010,6708,745,51,fc597e4dd7a082f2,https://xoso.com.vn/xsmn-13-07-2020.html,OK
2020-07-20,Monday,DONG_THAP,146846,19008,38841,46698,75958,90683,79507,29439,70169,34867,17005,64678,4070,3399,5897,2619,473,11,5548989b71c7ad88,https://xoso.com.vn/xsmn-20-07-2020.html,OK
2020-07-27,Monday,DONG_THAP,291822,44188,96729,78939,15755,64789,55609,35143,87470,22434,53997,66337,5585,2397,5021,6248,036,16,4b3df1c5922b5c32,https://xoso.com.vn/xsmn-27-07-2020.html,OK
2020-08-03,Monday,DONG_THAP,520547,84344,06680,39105,22012,15310,53322,78879,53915,74375,08183,77072,5244,1899,7835,7982,461,99,a07776b8c5dd9449,https://xoso.com.vn/xsmn-03-08-2020.html,OK
2020-08-10,Monday,DONG_THAP,673483,21266,15628,87756,44701,70685,45014,28338,46369,21872,39276,28352,8079,2382,5228,4392,789,30,3d30016c8950e329,https://xoso.com.vn/xsmn-10-08-2020.html,OK
2020-08-17,Monday,DONG_THAP,071083,55446,28192,66440,27271,13246,75343,53331,58296,92220,00347,54101,6878,0991,4807,4657,386,46,566878e9fec9f759,https://xoso.com.vn/xsmn-17-08-2020.html,OK
2020-08-24,Monday,DONG_THAP,003951,78865,14833,18382,45760,74296,91891,11171,43842,76979,98273,39625,8077,1203,0170,5132,609,72,2ddfc049d4658df3,https://xoso.com.vn/xsmn-24-08-2020.html,OK
2020-08-31,Monday,DONG_THAP,746410,33261,85164,16289,39342,79352,74356,51030,91966,36399,36262,86149,9119,2399,5995,6934,686,69,7ee2a954ced5d96b,https://xoso.com.vn/xsmn-31-08-2020.html,OK
2020-09-07,Monday,DONG_THAP,470786,05116,38722,80681,98773,78094,89082,54251,87714,48393,73199,89402,5049,4688,9800,3177,027,20,ab4b987758ca77d1,https://xoso.com.vn/xsmn-07-09-2020.html,OK
2020-09-14,Monday,DONG_THAP,458421,99945,01219,36397,61938,81954,54084,21229,02720,70816,23922,78628,8471,4425,9556,8335,312,47,1e7bed7cbb6be675,https://xoso.com.vn/xsmn-14-09-2020.html,OK
2020-09-21,Monday,DONG_THAP,228279,32633,84583,18511,47439,72316,23123,09892,18082,82350,89296,78372,5096,4704,5344,4159,528,65,1af314665376d1c2,https://xoso.com.vn/xsmn-21-09-2020.html,OK
2020-09-28,Monday,DONG_THAP,827364,71297,32636,04148,07079,10848,23835,74370,53136,82398,74896,07772,6014,6660,1210,2842,547,43,abd25f6d47f2e65b,https://xoso.com.vn/xsmn-28-09-2020.html,OK
2020-10-05,Monday,DONG_THAP,522282,20281,75315,21494,49812,94165,75406,54127,16267,79558,97677,70565,4319,1405,9889,0975,901,07,2d28f6eb2456de55,https://xoso.com.vn/xsmn-05-10-2020.html,OK
2020-10-12,Monday,DONG_THAP,338702,53640,26626,93327,31524,56187,43810,72002,72016,12644,53302,71883,2015,9690,3649,3206,142,64,f0d748831a4588fb,https://xoso.com.vn/xsmn-12-10-2020.html,OK
2020-10-19,Monday,DONG_THAP,753846,57855,26383,72853,42781,36622,54758,88346,31338,94006,97120,21236,7579,7754,8935,2041,931,29,1a2ba8bc74953c5d,https://xoso.com.vn/xsmn-19-10-2020.html,OK
2020-10-26,Monday,DONG_THAP,553968,70440,47212,56698,51317,47327,58200,99220,31657,74801,84931,33593,1626,4089,0874,4544,192,60,50ecfb8666936f27,https://xoso.com.vn/xsmn-26-10-2020.html,OK
2020-11-02,Monday,DONG_THAP,898040,24510,73263,60351,89024,41654,71038,66880,87775,80724,14776,79806,9447,8857,9187,6954,803,02,69b5af7fb224784e,https://xoso.com.vn/xsmn-02-11-2020.html,OK
2020-11-09,Monday,DONG_THAP,638714,78981,47541,01439,36036,61515,35767,06917,06549,91033,79555,87907,7201,5279,3013,5005,779,51,c5be73465aae3fc7,https://xoso.com.vn/xsmn-09-11-2020.html,OK
2020-11-16,Monday,DONG_THAP,016358,26832,33101,34732,69438,73614,60295,37246,55824,27453,48466,77522,2494,0991,9677,7810,690,33,187f4699e8b329ce,https://xoso.com.vn/xsmn-16-11-2020.html,OK
2020-11-23,Monday,DONG_THAP,602235,91953,51274,07238,71742,52155,21451,97142,63785,14589,43145,65178,3870,5868,8783,3366,622,74,95dcba121cf4b3cd,https://xoso.com.vn/xsmn-23-11-2020.html,OK
2020-11-30,Monday,DONG_THAP,577035,26866,61176,55916,32883,18467,12806,43818,68407,21429,74663,63557,0748,7754,4992,7215,452,08,5e32517a23c78e4b,https://xoso.com.vn/xsmn-30-11-2020.html,OK
2020-12-07,Monday,DONG_THAP,757684,22258,85779,43802,55314,65620,14782,04518,41975,50639,79143,55602,4428,9727,3118,3461,940,23,d7a25adcc245a15d,https://xoso.com.vn/xsmn-07-12-2020.html,OK
2020-12-14,Monday,DONG_THAP,819479,40994,37884,61782,02169,98974,00368,01128,06749,37839,22634,93796,6277,6594,9760,0562,210,78,6db22dd22d27922c,https://xoso.com.vn/xsmn-14-12-2020.html,OK
2020-12-21,Monday,DONG_THAP,696867,80180,09309,16220,88380,54485,64084,92915,27217,89372,73461,49270,4726,8391,9479,7094,859,11,a89e50bec4eeef8e,https://xoso.com.vn/xsmn-21-12-2020.html,OK
2020-12-28,Monday,DONG_THAP,380085,03424,26267,03040,76193,55154,60017,83756,58871,09184,31920,21065,2912,3477,1830,7699,459,95,5ef0c1fa5893b23e,https://xoso.com.vn/xsmn-28-12-2020.html,OK
2021-01-04,Monday,DONG_THAP,244959,74349,62069,90104,74861,46790,23150,67045,87984,14232,21700,14255,9583,8781,2462,3583,867,82,246f68c6e0320c9b,https://xoso.com.vn/xsmn-04-01-2021.html,OK
2021-01-11,Monday,DONG_THAP,761778,11583,13737,63158,27477,28439,10502,73035,59943,73892,09694,27413,9456,1878,2175,6007,107,39,bd9ea5d8c99da0fc,https://xoso.com.vn/xsmn-11-01-2021.html,OK
2021-01-18,Monday,DONG_THAP,301747,64825,30247,33689,90896,93471,32355,35285,44604,10854,77308,15375,5346,3754,5055,2629,264,69,ea44a8dc984dfa74,https://xoso.com.vn/xsmn-18-01-2021.html,OK
2021-01-25,Monday,DONG_THAP,468826,98540,29909,21068,65729,99600,81563,48356,90769,04651,70417,05215,2321,0096,7362,1287,072,55,b2c3ede9904bd1e5,https://xoso.com.vn/xsmn-25-01-2021.html,OK
2021-02-01,Monday,DONG_THAP,907310,17936,60065,49659,00482,07608,90730,26285,22321,67086,08527,54512,0909,1144,6902,8916,243,00,cc2465f1f0be5624,https://xoso.com.vn/xsmn-01-02-2021.html,OK
2021-02-08,Monday,DONG_THAP,998163,57984,77108,80629,02679,98606,85712,45604,43265,39487,74998,60607,7685,6705,2147,5157,577,58,e04e0c6026a004c0,https://xoso.com.vn/xsmn-08-02-2021.html,OK
2021-02-15,Monday,DONG_THAP,356099,40875,88943,93018,93935,05337,21758,19208,54088,04891,43713,15148,8516,1432,4147,3761,870,72,69e4f03106963cfb,https://xoso.com.vn/xsmn-15-02-2021.html,OK
2021-02-22,Monday,DONG_THAP,186258,66436,15208,86623,73856,44200,45617,69510,49190,26906,37203,58399,5691,2746,1614,7294,510,64,391953887e52297f,https://xoso.com.vn/xsmn-22-02-2021.html,OK
2021-03-01,Monday,DONG_THAP,108125,22261,36660,46249,99369,97045,83876,65230,26916,41820,27520,00255,8362,3174,5110,0704,800,59,e7cd57b61195f9c3,https://xoso.com.vn/xsmn-01-03-2021.html,OK
2021-03-08,Monday,DONG_THAP,748658,85819,77726,07086,92662,18338,16733,48930,76913,55158,52092,68887,6171,2468,0320,7291,178,78,b24b58938a46aae9,https://xoso.com.vn/xsmn-08-03-2021.html,OK
2021-03-15,Monday,DONG_THAP,885882,22555,62050,84806,73684,58275,56749,70820,46819,97816,80370,19341,6311,1051,0339,4765,983,79,e1be2d6b9951c99c,https://xoso.com.vn/xsmn-15-03-2021.html,OK
2021-03-22,Monday,DONG_THAP,280903,55524,24132,38406,05105,84144,95034,52029,05584,46874,34818,56606,8554,6707,0892,6332,330,34,0b5e7c74ac33ea44,https://xoso.com.vn/xsmn-22-03-2021.html,OK
2021-03-29,Monday,DONG_THAP,430404,23391,08694,95432,57704,86014,89440,06952,16676,90852,47612,65767,8906,0313,3629,7488,680,28,7d1e5cb5b0ef808e,https://xoso.com.vn/xsmn-29-03-2021.html,OK
2021-04-05,Monday,DONG_THAP,830718,85139,93571,60946,49110,21821,94784,13557,39044,56711,40606,55882,3030,1395,9674,4304,428,65,06e009a8c267df89,https://xoso.com.vn/xsmn-05-04-2021.html,OK
2021-04-12,Monday,DONG_THAP,950928,24865,14986,78996,20553,84755,51752,41441,24757,85313,55127,93910,7332,5180,9550,3247,182,44,f1c8fbe33ac90e4a,https://xoso.com.vn/xsmn-12-04-2021.html,OK
2021-04-19,Monday,DONG_THAP,180944,26275,12968,35502,03943,59719,44568,31528,68354,95463,87746,42495,2225,8337,9874,8682,514,68,6fb96148fe10770e,https://xoso.com.vn/xsmn-19-04-2021.html,OK
2021-04-26,Monday,DONG_THAP,288261,25145,98023,08669,11784,08609,80213,80446,32516,62569,93249,22623,7212,7904,0287,4502,536,12,2fbe65832b960f64,https://xoso.com.vn/xsmn-26-04-2021.html,OK
2021-05-03,Monday,DONG_THAP,153732,96578,52763,23282,26143,17609,87345,94637,42328,90375,07896,79884,7533,8492,8125,9296,924,81,425b7b12dfc8f349,https://xoso.com.vn/xsmn-03-05-2021.html,OK
2021-05-10,Monday,DONG_THAP,983510,38530,72304,09405,41364,63781,35947,44930,19864,63958,19682,34340,6388,9157,5611,4755,372,14,61e471e07b2e0f7f,https://xoso.com.vn/xsmn-10-05-2021.html,OK
2021-05-17,Monday,DONG_THAP,822921,75488,61473,47624,68233,38525,57123,67283,75494,46206,60341,44375,1990,7943,4381,1466,997,73,73812387b192aa20,https://xoso.com.vn/xsmn-17-05-2021.html,OK
2021-05-24,Monday,DONG_THAP,609095,73032,85348,06104,98282,97945,45102,99966,53082,82109,99172,53672,9211,2707,5497,9816,565,30,bb2187c4e9aff9c8,https://xoso.com.vn/xsmn-24-05-2021.html,OK
2021-05-31,Monday,DONG_THAP,074608,64111,62352,19069,61657,99073,14532,98738,82802,22656,06599,78831,7796,7786,7901,8139,453,60,c73b7c0289072cc7,https://xoso.com.vn/xsmn-31-05-2021.html,OK
2021-06-07,Monday,DONG_THAP,115341,76071,20410,86433,46809,90180,14801,83524,27470,76597,58048,33347,2867,6230,5141,6427,870,07,174d267aa3ae821e,https://xoso.com.vn/xsmn-07-06-2021.html,OK
2021-06-14,Monday,DONG_THAP,113834,80195,07731,74515,03146,44769,55860,84322,08766,59935,44547,25677,0429,5770,0867,6729,822,00,5bdf592d44708c4a,https://xoso.com.vn/xsmn-14-06-2021.html,OK
2021-06-21,Monday,DONG_THAP,342088,38706,59210,23644,33058,02705,16940,61286,20197,83576,44400,56798,0589,0553,2262,0748,924,91,fd82c6a9771906ae,https://xoso.com.vn/xsmn-21-06-2021.html,OK
2021-06-28,Monday,DONG_THAP,957647,45049,30870,70272,03059,94883,36480,14384,75989,46917,91151,57927,2310,6030,1403,2113,123,29,bb521763a6d057fd,https://xoso.com.vn/xsmn-28-06-2021.html,OK
2021-07-05,Monday,DONG_THAP,467462,20857,07711,68317,50973,73374,79896,58738,83106,61203,47525,10396,9657,9991,2135,0046,842,52,1e771293239a32c4,https://xoso.com.vn/xsmn-05-07-2021.html,OK
2021-10-25,Monday,DONG_THAP,486571,21553,44217,18432,68841,00296,76516,88284,15840,41379,18575,27372,6365,2576,5318,7461,681,29,9bf9ac2876e2f4f6,https://xoso.com.vn/xsmn-25-10-2021.html,OK
2021-11-01,Monday,DONG_THAP,144424,17488,00689,77127,77832,89693,80811,60208,18193,20420,64599,64706,0590,6747,7806,9233,152,33,eabb0d4319e70d6a,https://xoso.com.vn/xsmn-01-11-2021.html,OK
2021-11-08,Monday,DONG_THAP,702919,93424,50885,15201,19463,73058,91323,35979,37777,95533,24874,54546,0815,8771,7283,2941,402,94,916c15b94a843d9f,https://xoso.com.vn/xsmn-08-11-2021.html,OK
2021-11-15,Monday,DONG_THAP,833129,20013,02260,40975,18376,63637,55045,76033,63744,66502,12663,28403,7146,7174,3865,2487,136,89,f896d9c2d8be5255,https://xoso.com.vn/xsmn-15-11-2021.html,OK
2021-11-22,Monday,DONG_THAP,561716,14419,68512,79554,05258,85740,61788,07312,17610,25377,06857,68401,0190,6347,7930,6247,620,60,97eb334a0156bfc9,https://xoso.com.vn/xsmn-22-11-2021.html,OK
2021-11-29,Monday,DONG_THAP,985353,66903,78284,89531,66536,00861,94022,73272,31434,26136,09706,29944,5693,1563,3728,0629,698,22,d28d728205d159e3,https://xoso.com.vn/xsmn-29-11-2021.html,OK
2021-12-06,Monday,DONG_THAP,029687,08592,71840,46550,84040,48057,35827,99073,00691,09818,46203,13673,1260,5575,3922,8214,274,05,2de1b04bb0c6e8fc,https://xoso.com.vn/xsmn-06-12-2021.html,OK
2021-12-13,Monday,DONG_THAP,255738,91117,41376,59093,92198,07457,51903,43742,70880,21710,43992,80708,6200,7658,7771,1547,002,39,3331eda8145cdfa6,https://xoso.com.vn/xsmn-13-12-2021.html,OK
2021-12-20,Monday,DONG_THAP,268522,78256,21466,45995,66386,74601,20177,81734,70999,01275,57770,00690,3203,0043,1105,4768,869,91,34c6b46894b2afdf,https://xoso.com.vn/xsmn-20-12-2021.html,OK
2021-12-27,Monday,DONG_THAP,336247,85185,44055,40742,34430,98426,13244,81002,73559,28354,35153,36931,0947,7957,3343,6934,088,87,c981ef0ab7df4c6a,https://xoso.com.vn/xsmn-27-12-2021.html,OK
2022-01-03,Monday,DONG_THAP,128514,59268,82867,37461,77550,29782,27356,38512,11660,67592,25555,61095,1492,5854,4311,1261,348,29,5ca0267ad729be2e,https://xoso.com.vn/xsmn-03-01-2022.html,OK
2022-01-10,Monday,DONG_THAP,097501,85438,18398,94176,84759,76891,74856,00443,03343,45579,34486,60318,6452,6252,8812,5788,894,71,9fa263587dac92bb,https://xoso.com.vn/xsmn-10-01-2022.html,OK
2022-01-17,Monday,DONG_THAP,555879,31829,34363,53419,65911,64191,73359,38457,45493,24686,46098,43169,0079,4097,8845,2678,828,45,ffecd938fe166182,https://xoso.com.vn/xsmn-17-01-2022.html,OK
2022-01-24,Monday,DONG_THAP,708802,46523,34811,55163,18367,91943,57266,14580,78260,02859,87503,15295,7770,3913,8630,2302,554,74,2ee7379776b55fdb,https://xoso.com.vn/xsmn-24-01-2022.html,OK
2022-01-31,Monday,DONG_THAP,493582,12866,73080,70276,45378,36645,37951,60070,28933,77163,48564,15113,4542,3917,8566,8792,987,93,d8b14db34c55d012,https://xoso.com.vn/xsmn-31-01-2022.html,OK
2022-02-07,Monday,DONG_THAP,627156,46604,51679,44938,85575,37922,27454,63263,72303,22768,49590,40892,1866,3877,4320,3232,365,71,d8e6e6f2b038d1bd,https://xoso.com.vn/xsmn-07-02-2022.html,OK
2022-02-14,Monday,DONG_THAP,608400,11255,22785,62287,82926,00650,12092,53347,95192,57018,40818,66307,5665,4467,8918,4295,716,14,f263ac3392ee07ad,https://xoso.com.vn/xsmn-14-02-2022.html,OK
2022-02-21,Monday,DONG_THAP,844598,42739,11348,15604,91480,86715,90506,41207,07206,91551,83486,60940,2951,3802,8657,6428,921,46,f0aa4ec34a3faaac,https://xoso.com.vn/xsmn-21-02-2022.html,OK
2022-02-28,Monday,DONG_THAP,045782,46795,12332,95340,79829,50203,48473,34233,10644,99493,61363,52743,0203,9699,9592,6352,135,45,dafa304703f5fb6f,https://xoso.com.vn/xsmn-28-02-2022.html,OK
2022-03-07,Monday,DONG_THAP,565363,81996,90773,69630,17665,35902,95020,39488,11595,41831,98052,57484,7362,8794,4406,3649,064,01,d78ed8d54a09c565,https://xoso.com.vn/xsmn-07-03-2022.html,OK
2022-03-14,Monday,DONG_THAP,277782,04277,55727,02248,18573,27385,17110,56543,56269,53118,09774,75716,6778,0072,4918,4735,227,52,0ee9de5e9ff6bf96,https://xoso.com.vn/xsmn-14-03-2022.html,OK
2022-03-21,Monday,DONG_THAP,026623,67543,58710,62956,32204,99199,37836,19162,94956,98134,32823,87407,0207,9178,4283,0074,557,87,46dad37ed019801c,https://xoso.com.vn/xsmn-21-03-2022.html,OK
2022-03-28,Monday,DONG_THAP,842663,09862,63597,69420,59175,03956,13123,57034,69449,04816,59784,83792,3583,3707,2536,9206,845,21,6a4e90bfa3299040,https://xoso.com.vn/xsmn-28-03-2022.html,OK
2022-04-04,Monday,DONG_THAP,365662,69302,10070,76180,92023,48379,17516,13788,65324,21154,97180,33771,3213,7947,2865,9381,860,00,6480f92f8462da2b,https://xoso.com.vn/xsmn-04-04-2022.html,OK
2022-04-11,Monday,DONG_THAP,206454,29852,29107,47519,66506,91908,32292,93569,36755,52969,15538,17515,8568,9223,8568,0596,236,94,f9de2a5c25d5e8ae,https://xoso.com.vn/xsmn-11-04-2022.html,OK
2022-04-18,Monday,DONG_THAP,405616,10005,29343,68790,57508,52776,11451,31655,44687,04468,56089,62489,3194,2186,6584,7725,142,07,61e752ff642bd789,https://xoso.com.vn/xsmn-18-04-2022.html,OK
2022-04-25,Monday,DONG_THAP,720096,57357,20558,16232,39172,57612,90703,20840,43866,62389,80093,78058,4757,7605,7938,0268,936,55,53dce6b56b62cabf,https://xoso.com.vn/xsmn-25-04-2022.html,OK
2022-05-02,Monday,DONG_THAP,914098,23464,35479,70758,23776,94181,96891,34862,10176,18162,27159,13749,4388,7055,2310,6387,053,16,b719e25eb8d86901,https://xoso.com.vn/xsmn-02-05-2022.html,OK
2022-05-09,Monday,DONG_THAP,757852,56766,73036,52573,97431,01693,65581,19967,52264,81772,18450,24109,6415,7068,2052,4478,017,68,54174616f041d956,https://xoso.com.vn/xsmn-09-05-2022.html,OK
2022-05-16,Monday,DONG_THAP,037054,76469,58661,73168,24633,08781,27815,99655,29839,14381,61518,28290,0771,6135,7989,7464,468,58,4197470ab2250c3c,https://xoso.com.vn/xsmn-16-05-2022.html,OK
2022-05-23,Monday,DONG_THAP,076308,29541,33518,42316,33564,40450,32754,52849,65917,92567,54326,91562,4098,9527,7717,9848,704,21,843d17144b442387,https://xoso.com.vn/xsmn-23-05-2022.html,OK
2022-05-30,Monday,DONG_THAP,778406,76369,54512,27817,69938,69593,31728,29307,11289,49579,30694,44065,0470,0464,5914,6868,488,27,89242cf059ee87be,https://xoso.com.vn/xsmn-30-05-2022.html,OK
2022-06-06,Monday,DONG_THAP,038473,20788,40435,26827,67890,29123,71204,23348,34977,76185,30765,29990,2955,3442,8987,5773,419,22,70e9f7fb62378fec,https://xoso.com.vn/xsmn-06-06-2022.html,OK
2022-06-13,Monday,DONG_THAP,596338,93346,21351,04452,68727,17941,51012,04809,78416,66905,61906,61881,0883,6646,4783,7715,854,80,11e35d21950f853f,https://xoso.com.vn/xsmn-13-06-2022.html,OK
2022-06-20,Monday,DONG_THAP,572076,00205,58277,91024,75100,56428,53232,90177,67543,97578,15175,30849,4091,9666,3373,3864,285,84,07368b02ceab6629,https://xoso.com.vn/xsmn-20-06-2022.html,OK
2022-06-27,Monday,DONG_THAP,142175,77840,34194,61262,11078,68771,89667,90657,17952,37609,49998,35590,8089,9924,4560,2893,279,19,60306bcc8c133ac2,https://xoso.com.vn/xsmn-27-06-2022.html,OK
2022-07-04,Monday,DONG_THAP,776565,92230,01747,11249,24856,51229,71592,99333,93209,35984,54595,78266,1754,8641,5961,1814,555,92,783a4db787573ad6,https://xoso.com.vn/xsmn-04-07-2022.html,OK
2022-07-11,Monday,DONG_THAP,013043,96773,78259,56119,76514,17597,90176,58047,76668,88506,91513,15726,6424,9208,9527,6388,010,49,8c4408ceda971235,https://xoso.com.vn/xsmn-11-07-2022.html,OK
2022-07-18,Monday,DONG_THAP,122255,55051,75797,95529,80720,37519,56279,04800,60322,93434,06175,29718,9816,8769,9513,4997,612,03,40797c47f5ad454c,https://xoso.com.vn/xsmn-18-07-2022.html,OK
2022-07-25,Monday,DONG_THAP,078469,38420,80840,21383,21496,67982,11053,98806,49386,35480,22090,37043,0350,3226,2677,4647,915,12,07575ab12ec8fbb3,https://xoso.com.vn/xsmn-25-07-2022.html,OK
2022-08-01,Monday,DONG_THAP,881367,70850,67719,84138,97068,90425,20817,77228,35161,24970,84725,71509,6420,4120,6866,4338,235,58,6e6dcf1f39e28b84,https://xoso.com.vn/xsmn-01-08-2022.html,OK
2022-08-08,Monday,DONG_THAP,234216,27404,67782,31202,59035,22728,82696,48240,14381,49166,41293,33095,6294,8747,3130,1695,888,91,dcb09839fbff2287,https://xoso.com.vn/xsmn-08-08-2022.html,OK
2022-08-15,Monday,DONG_THAP,328137,14738,01667,87045,54806,77682,29751,48487,53259,79821,74480,72420,7110,8434,8795,0575,797,79,bedfc7a5103600ec,https://xoso.com.vn/xsmn-15-08-2022.html,OK
2022-08-22,Monday,DONG_THAP,191727,53087,36950,72670,89967,84188,92971,43814,92526,93453,72759,10961,3706,5055,6013,0396,212,32,12fe042c19caa2ef,https://xoso.com.vn/xsmn-22-08-2022.html,OK
2022-08-29,Monday,DONG_THAP,311404,00584,67599,49762,14648,90161,21646,30431,19105,56169,28843,90429,9942,0467,2761,7385,713,32,9937110ae1a34ee1,https://xoso.com.vn/xsmn-29-08-2022.html,OK
2022-09-05,Monday,DONG_THAP,706125,10146,38175,88462,49495,09875,94892,86449,20711,51007,60984,69130,7983,4219,3184,0236,176,97,19c8964de12a51aa,https://xoso.com.vn/xsmn-05-09-2022.html,OK
2022-09-12,Monday,DONG_THAP,018594,29614,57847,49157,43448,02459,03618,82939,84517,44188,55320,25281,0883,1046,7360,5953,813,47,f50d6512cfe1c00e,https://xoso.com.vn/xsmn-12-09-2022.html,OK
2022-09-19,Monday,DONG_THAP,870842,40573,87283,60332,14459,73919,57480,80781,70628,75964,73322,53393,5876,0892,6535,3296,727,07,07ed225e8e7582bc,https://xoso.com.vn/xsmn-19-09-2022.html,OK
2022-09-26,Monday,DONG_THAP,309392,35962,79194,69646,56725,59257,32759,72075,85758,42885,52315,12704,0969,4693,6928,3877,420,61,c06d0002251e97fb,https://xoso.com.vn/xsmn-26-09-2022.html,OK
2022-10-03,Monday,DONG_THAP,265535,60179,41346,18316,52975,41482,13683,28993,32067,48844,58169,55029,3094,3106,4779,3650,492,20,0c9ae075939782fb,https://xoso.com.vn/xsmn-03-10-2022.html,OK
2022-10-10,Monday,DONG_THAP,400323,79454,72458,95646,20863,22295,75163,10586,52731,92071,46504,16203,5780,8824,9447,5981,219,50,58258d6a1a3df847,https://xoso.com.vn/xsmn-10-10-2022.html,OK
2022-10-17,Monday,DONG_THAP,878030,84487,74161,94668,45469,63818,31985,80441,60781,29290,65805,80770,3172,5309,1672,7596,474,30,51a75b148a60183b,https://xoso.com.vn/xsmn-17-10-2022.html,OK
2022-10-24,Monday,DONG_THAP,682158,42224,97036,04413,28618,29657,99320,99502,40551,08743,27418,74307,7394,6349,7847,1745,656,24,1913a641836bc902,https://xoso.com.vn/xsmn-24-10-2022.html,OK
2022-10-31,Monday,DONG_THAP,749143,80956,83047,93571,64503,35664,90875,07591,29048,54968,29504,87634,1992,4516,8750,7176,051,07,bfc1356e4f9fa921,https://xoso.com.vn/xsmn-31-10-2022.html,OK
2022-11-07,Monday,DONG_THAP,311212,85099,56500,97659,55960,67742,02160,17259,15102,88476,94344,05059,1342,9251,1535,9974,614,59,3555fd09f3f423e2,https://xoso.com.vn/xsmn-07-11-2022.html,OK
2022-11-14,Monday,DONG_THAP,635253,77642,09376,00116,51309,67200,30652,78406,77322,77876,29368,89863,9899,7701,6702,5883,395,56,ab0c75025508db46,https://xoso.com.vn/xsmn-14-11-2022.html,OK
2022-11-21,Monday,DONG_THAP,523839,28967,31997,87853,98406,13222,56147,73613,63779,24350,74273,42100,5450,1820,9736,7418,926,10,0db5ef3dce9153c4,https://xoso.com.vn/xsmn-21-11-2022.html,OK
2022-11-28,Monday,DONG_THAP,167474,74474,88519,28967,40926,53111,64961,31991,11849,62868,65083,88594,1340,3585,8811,4552,253,54,bb56998daaa82bcb,https://xoso.com.vn/xsmn-28-11-2022.html,OK
2022-12-05,Monday,DONG_THAP,478272,68453,18674,29764,27305,58185,80897,13751,92257,73068,08602,47216,8600,5329,0565,5969,507,53,be3bbebc94e8baae,https://xoso.com.vn/xsmn-05-12-2022.html,OK
2022-12-12,Monday,DONG_THAP,349673,28531,55539,36046,03252,19739,58356,99682,49871,85743,57345,17638,1596,7487,8806,9944,413,61,4ec2b676c1d31118,https://xoso.com.vn/xsmn-12-12-2022.html,OK
2022-12-19,Monday,DONG_THAP,140732,07425,34835,84017,17901,00963,58716,24670,62607,80946,23545,40420,4849,0662,0515,6627,882,68,535eeabcc90cc8a5,https://xoso.com.vn/xsmn-19-12-2022.html,OK
2022-12-26,Monday,DONG_THAP,084679,58062,42416,23213,50476,84075,64010,72044,79721,94696,00702,43259,3803,9141,8319,6958,699,69,5d10c5c8cbde682d,https://xoso.com.vn/xsmn-26-12-2022.html,OK
2023-01-02,Monday,DONG_THAP,909577,52465,83304,79010,75547,71349,71484,79415,05107,41249,94723,99283,8722,1745,8099,0034,543,32,23932f3164043737,https://xoso.com.vn/xsmn-02-01-2023.html,OK
2023-01-09,Monday,DONG_THAP,123923,29371,09874,75745,02835,42059,17872,79841,09259,18243,69356,79362,7876,2873,0838,0645,554,06,c75ae610ae8340d5,https://xoso.com.vn/xsmn-09-01-2023.html,OK
2023-01-16,Monday,DONG_THAP,288300,20486,00388,53141,25029,96897,84098,90033,76241,67198,45657,12496,3427,3920,4840,8951,536,50,0e5bb8fe1da31624,https://xoso.com.vn/xsmn-16-01-2023.html,OK
2023-01-23,Monday,DONG_THAP,241081,08505,78004,06978,70855,41470,30057,71748,86494,76524,36842,94165,5839,4162,7760,1884,268,38,eb14272990dc539f,https://xoso.com.vn/xsmn-23-01-2023.html,OK
2023-01-30,Monday,DONG_THAP,155515,94012,26635,89224,72404,28639,03824,14308,85423,55105,80678,93592,7523,8083,7209,5408,420,71,3b8122a9e2f9ce87,https://xoso.com.vn/xsmn-30-01-2023.html,OK
2023-02-06,Monday,DONG_THAP,328646,66768,69774,91458,78800,92578,23528,37812,50139,70905,80770,24644,1591,4060,5631,8322,368,71,1db71aabb9157159,https://xoso.com.vn/xsmn-06-02-2023.html,OK
2023-02-13,Monday,DONG_THAP,883267,77683,60477,53891,80752,78949,95763,46795,08579,09631,88196,98574,8616,4462,4910,6648,532,59,6aaa4de5c9001969,https://xoso.com.vn/xsmn-13-02-2023.html,OK
2023-02-20,Monday,DONG_THAP,699101,40990,87748,77254,69924,78481,76570,35313,20005,17539,01130,94969,6547,1096,4103,9547,294,26,381bdfaf1cf78f78,https://xoso.com.vn/xsmn-20-02-2023.html,OK
2023-02-27,Monday,DONG_THAP,545088,90863,30580,15861,48469,61649,61017,75313,17621,12787,65848,38727,0093,4973,3135,1681,044,73,b136ae4a5c9680ac,https://xoso.com.vn/xsmn-27-02-2023.html,OK
2023-03-06,Monday,DONG_THAP,376440,68544,53737,00016,09803,38886,15285,17094,34570,62642,80096,80229,7543,4709,4547,2630,666,66,54dbca0866fe94af,https://xoso.com.vn/xsmn-06-03-2023.html,OK
2023-03-13,Monday,DONG_THAP,646022,44689,06350,17963,56454,07802,02466,98748,21889,08789,91346,20618,7663,6743,5171,7428,253,99,8e1015bd92a7f960,https://xoso.com.vn/xsmn-13-03-2023.html,OK
2023-03-20,Monday,DONG_THAP,665017,56233,75224,26517,00107,60175,12705,49236,68735,76959,80240,88834,7495,0228,0569,3511,762,62,4b73b0709c0a5fac,https://xoso.com.vn/xsmn-20-03-2023.html,OK
2023-03-27,Monday,DONG_THAP,624449,40560,15517,28391,31019,34876,49629,67763,35844,84967,97775,37124,0273,0753,4282,9960,752,27,9b81cbf7ba548c2e,https://xoso.com.vn/xsmn-27-03-2023.html,OK
2023-04-03,Monday,DONG_THAP,456415,31691,17419,50031,22643,32846,19556,53741,08195,53311,42882,10382,0711,8956,6664,6311,517,05,00e5cd455b6a4cf0,https://xoso.com.vn/xsmn-03-04-2023.html,OK
2023-04-10,Monday,DONG_THAP,019373,18970,22034,95633,69447,86882,15521,74108,76521,04849,08640,13687,8278,6028,9408,3343,712,80,0697441f70739225,https://xoso.com.vn/xsmn-10-04-2023.html,OK
2023-04-17,Monday,DONG_THAP,169373,91114,43456,24910,30053,42916,54327,60372,20283,10526,37252,67060,5206,2558,7420,0072,882,62,d082f1972e790519,https://xoso.com.vn/xsmn-17-04-2023.html,OK
2023-04-24,Monday,DONG_THAP,102237,64748,66122,54089,65129,85909,80181,79783,10648,04815,64180,69455,8586,8853,4404,7852,727,87,20d2f7b8deaf4f7b,https://xoso.com.vn/xsmn-24-04-2023.html,OK
2023-05-01,Monday,DONG_THAP,397597,77102,83732,37824,63558,08988,80427,89808,24749,67331,53515,51345,8757,6669,7310,8360,525,18,f006dd5a848974f7,https://xoso.com.vn/xsmn-01-05-2023.html,OK
2023-05-08,Monday,DONG_THAP,637269,11258,60450,21231,19572,79577,09104,65394,03438,77266,66973,38386,7160,0890,0080,5134,267,03,6f36d84e4b2fc354,https://xoso.com.vn/xsmn-08-05-2023.html,OK
2023-05-15,Monday,DONG_THAP,823050,96610,64754,99756,50426,09967,83497,45601,21731,38882,05326,44130,8213,8252,4026,7703,492,33,36f514cd9e5f5bda,https://xoso.com.vn/xsmn-15-05-2023.html,OK
2023-05-22,Monday,DONG_THAP,817013,80542,60589,34943,23912,85181,45219,64727,53849,07680,05839,29596,9096,5085,0501,1156,448,77,1e643120d1a89fa5,https://xoso.com.vn/xsmn-22-05-2023.html,OK
2023-05-29,Monday,DONG_THAP,526934,59352,48322,31700,03744,49894,90856,89313,97588,98120,28011,37641,1865,1269,6300,3681,398,15,de2e71066aab50b3,https://xoso.com.vn/xsmn-29-05-2023.html,OK
2023-06-05,Monday,DONG_THAP,898030,29079,39932,10037,31343,07221,43346,47089,14847,53197,75496,01311,0492,8099,0178,3305,589,48,e9fadd364b6373fd,https://xoso.com.vn/xsmn-05-06-2023.html,OK
2023-06-12,Monday,DONG_THAP,918358,02128,67597,04222,23341,22215,10836,00854,42195,00262,20118,73582,7411,7288,6619,9564,932,70,05c7e6b194c0cb05,https://xoso.com.vn/xsmn-12-06-2023.html,OK
2023-06-19,Monday,DONG_THAP,828376,46052,09838,86983,06109,23453,51430,58565,47904,40672,24550,80429,8343,6177,3309,0944,398,07,bf779b9bc5664e2f,https://xoso.com.vn/xsmn-19-06-2023.html,OK
2023-06-26,Monday,DONG_THAP,506476,78198,51763,86645,96428,99275,41667,96392,82069,60909,92132,11574,7407,1812,1120,2111,352,09,f81af01dddeae57f,https://xoso.com.vn/xsmn-26-06-2023.html,OK
2023-07-03,Monday,DONG_THAP,955402,05386,57688,49284,27493,15679,66149,29741,32734,16382,69936,50537,8537,2277,7881,3297,985,74,212f2d506683b030,https://xoso.com.vn/xsmn-03-07-2023.html,OK
2023-07-10,Monday,DONG_THAP,106110,29744,25758,74343,68023,29019,82301,87973,76954,21946,27640,64008,0094,6911,1368,6002,365,26,eb762c01d89a1c84,https://xoso.com.vn/xsmn-10-07-2023.html,OK
2023-07-17,Monday,DONG_THAP,611877,39911,85085,93894,58767,30453,27649,53239,79646,62970,34413,52273,4226,6867,7215,7838,916,34,40b005d1a4889054,https://xoso.com.vn/xsmn-17-07-2023.html,OK
2023-07-24,Monday,DONG_THAP,684971,40979,64744,70594,12236,10961,20850,80572,57273,85109,25054,12755,2643,7685,5902,9372,228,77,779b5a7fd0647d9f,https://xoso.com.vn/xsmn-24-07-2023.html,OK
2023-07-31,Monday,DONG_THAP,713613,22933,38145,50862,88929,51480,63058,53652,29984,69443,97613,85085,8645,6225,7791,0645,605,33,2d8d6865ff134055,https://xoso.com.vn/xsmn-31-07-2023.html,OK
2023-08-07,Monday,DONG_THAP,429483,88191,47246,20938,35759,31933,85636,79299,40082,72406,00252,38086,8252,3068,4045,0596,955,50,a1209afb24bd694e,https://xoso.com.vn/xsmn-07-08-2023.html,OK
2023-08-14,Monday,DONG_THAP,270591,20384,06771,58512,48183,02781,33939,75613,94382,12926,74242,10302,2148,4426,0467,4802,674,75,2ea7da74733e216f,https://xoso.com.vn/xsmn-14-08-2023.html,OK
2023-08-21,Monday,DONG_THAP,799202,33064,95487,42733,15293,60783,77310,65017,04180,05049,25893,87071,2853,7005,7407,6604,587,65,b0173fff4d973229,https://xoso.com.vn/xsmn-21-08-2023.html,OK
2023-08-28,Monday,DONG_THAP,632031,41885,13076,85679,35702,65385,29868,72086,50906,75949,77212,98785,3831,2030,2631,7791,373,11,e42ee62758911abc,https://xoso.com.vn/xsmn-28-08-2023.html,OK
2023-09-04,Monday,DONG_THAP,295310,43847,16983,41212,45421,39167,88696,24823,20282,38736,90779,42836,9665,5715,7704,0376,971,49,afb940f4c91f607d,https://xoso.com.vn/xsmn-04-09-2023.html,OK
2023-09-11,Monday,DONG_THAP,106053,00224,78211,32126,88963,43808,95080,48941,31908,50389,58823,44166,7662,3851,3600,2613,913,11,c2cc97e569e1eee8,https://xoso.com.vn/xsmn-11-09-2023.html,OK
2023-09-18,Monday,DONG_THAP,498180,53115,67344,13039,96031,17337,21587,13955,20261,46084,19825,75475,2659,4665,3585,3914,263,74,0efe5abea37cdd95,https://xoso.com.vn/xsmn-18-09-2023.html,OK
2023-09-25,Monday,DONG_THAP,460871,60481,30148,05691,20896,49606,48304,26956,92430,21129,88519,04885,2442,7168,9342,7903,788,15,73220921c1a690cb,https://xoso.com.vn/xsmn-25-09-2023.html,OK
2023-10-02,Monday,DONG_THAP,413613,36946,06546,42862,14907,34439,15103,42196,80026,22552,92215,11322,9214,5919,7823,2891,676,92,3ff7f0a6393d9f85,https://xoso.com.vn/xsmn-02-10-2023.html,OK
2023-10-09,Monday,DONG_THAP,752824,17356,56883,69474,29839,23428,06342,39152,45576,82798,94864,17616,2589,6812,6507,7264,012,94,32eb9134199d0b61,https://xoso.com.vn/xsmn-09-10-2023.html,OK
2023-10-16,Monday,DONG_THAP,726635,68124,77777,42505,35180,93854,01856,19796,50225,73634,55328,44936,4959,4674,1661,4878,957,53,aec3efeefefab78b,https://xoso.com.vn/xsmn-16-10-2023.html,OK
2023-10-23,Monday,DONG_THAP,569478,89728,80726,19848,05741,72862,09567,80214,58421,10295,50454,51824,6793,7027,4286,9642,432,29,cb71cd01b0f0d8ea,https://xoso.com.vn/xsmn-23-10-2023.html,OK
2023-10-30,Monday,DONG_THAP,110959,61877,04452,96020,71723,59743,18021,46409,24234,07989,78809,17049,9678,9427,6307,9270,403,97,2cdd4ac726715530,https://xoso.com.vn/xsmn-30-10-2023.html,OK
2023-11-06,Monday,DONG_THAP,749865,59423,45810,06448,56841,82940,44379,58673,92682,32294,85350,78355,1281,3502,6592,3070,320,29,97627a6db873e885,https://xoso.com.vn/xsmn-06-11-2023.html,OK
2023-11-13,Monday,DONG_THAP,494745,36093,40295,63388,73254,83465,20169,11356,77649,71555,45515,51775,6425,7337,5494,3001,041,72,a237ffcd9a5124c7,https://xoso.com.vn/xsmn-13-11-2023.html,OK
2023-11-20,Monday,DONG_THAP,463710,85030,55093,03247,17028,25078,37129,45382,04625,47619,93297,80165,3159,0473,7396,0809,423,27,d4a12ef14264fbf7,https://xoso.com.vn/xsmn-20-11-2023.html,OK
2023-11-27,Monday,DONG_THAP,239358,10467,80122,09668,58849,25010,53619,68637,58441,27499,51201,11329,5202,6488,7565,9470,096,48,0ace4815df5e257c,https://xoso.com.vn/xsmn-27-11-2023.html,OK
2023-12-04,Monday,DONG_THAP,496576,87008,75044,47239,60093,42932,48156,91570,36106,49732,49798,25472,7224,7688,8031,2695,293,81,2956a2eecfdbbfe4,https://xoso.com.vn/xsmn-04-12-2023.html,OK
2023-12-11,Monday,DONG_THAP,915400,75819,77255,92933,23759,26514,33038,62243,20832,04031,72580,86683,2514,9991,4050,9573,243,61,765d49916674e390,https://xoso.com.vn/xsmn-11-12-2023.html,OK
2023-12-18,Monday,DONG_THAP,845829,82072,96613,64216,62968,54892,97728,03267,80673,30833,53400,71317,5849,3345,7316,3490,597,80,01427cb0e3f83171,https://xoso.com.vn/xsmn-18-12-2023.html,OK
2023-12-25,Monday,DONG_THAP,221165,37918,72972,06554,58167,88642,96502,50595,28071,39639,79324,77549,8317,9721,9072,3058,013,59,b246a5c9c37e729d,https://xoso.com.vn/xsmn-25-12-2023.html,OK
2024-01-01,Monday,DONG_THAP,664781,44005,54371,01007,16843,47638,12065,76748,96187,64030,42408,63647,9273,1846,0901,5749,381,10,2761a0722286fc2d,https://xoso.com.vn/xsmn-01-01-2024.html,OK
2024-01-08,Monday,DONG_THAP,600981,12445,28553,24303,82902,76694,49980,65068,14198,24034,82886,72777,6451,6506,9350,6745,116,97,202d53052dc9ee18,https://xoso.com.vn/xsmn-08-01-2024.html,OK
2024-01-15,Monday,DONG_THAP,473495,51502,32225,64881,41990,25138,50939,31338,03074,86621,47158,77398,0976,6546,6724,8266,577,86,1b63b099668b6b79,https://xoso.com.vn/xsmn-15-01-2024.html,OK
2024-01-22,Monday,DONG_THAP,383815,57775,65890,78777,36932,98899,36921,85535,75074,07059,24586,60979,1237,7611,1547,9312,744,93,7b2b9a00f597e0ae,https://xoso.com.vn/xsmn-22-01-2024.html,OK
2024-01-29,Monday,DONG_THAP,252764,66290,82819,36217,82434,04065,15968,93649,47270,10533,14458,73077,0772,6589,7286,9298,369,33,2754f4474b2ce3ba,https://xoso.com.vn/xsmn-29-01-2024.html,OK
2024-02-05,Monday,DONG_THAP,215543,35915,72389,88878,29537,11200,24558,32647,69076,66865,49945,84541,6213,3224,6978,6477,628,45,8e0b6a4fa344145e,https://xoso.com.vn/xsmn-05-02-2024.html,OK
2024-02-12,Monday,DONG_THAP,659427,00289,60486,14149,86922,74624,56214,36980,39341,40748,31672,72236,9642,2774,5946,7270,948,87,053bd263241b43b3,https://xoso.com.vn/xsmn-12-02-2024.html,OK
2024-02-19,Monday,DONG_THAP,361025,26974,87035,81168,12095,22544,67114,30752,44123,02419,98098,22650,5263,8208,0098,8123,495,92,4443c2d0c47af290,https://xoso.com.vn/xsmn-19-02-2024.html,OK
2024-02-26,Monday,DONG_THAP,111134,59582,89129,06176,13490,86713,70023,98294,36597,92267,98679,43406,7632,4724,0987,0326,649,83,6f305bc20a25d8da,https://xoso.com.vn/xsmn-26-02-2024.html,OK
2024-03-04,Monday,DONG_THAP,726934,10253,58030,65293,35227,99487,27542,81655,14489,33056,86612,83040,8097,5337,7021,5601,937,69,f83c31562185f5f4,https://xoso.com.vn/xsmn-04-03-2024.html,OK
2024-03-11,Monday,DONG_THAP,290910,94695,72594,84421,99921,17650,39731,96942,61302,56831,16021,74864,8640,4220,0777,8194,951,44,3220e8551920afad,https://xoso.com.vn/xsmn-11-03-2024.html,OK
2024-03-18,Monday,DONG_THAP,644940,70983,79146,45499,12144,05038,04378,91688,52674,73520,12883,59742,2432,9266,8610,8060,897,10,d0f07d81b7942bda,https://xoso.com.vn/xsmn-18-03-2024.html,OK
2024-03-25,Monday,DONG_THAP,860915,07015,34654,84681,47066,57383,61617,22684,77726,40793,71711,59808,9933,5327,3426,3156,836,92,e18c5118ddef161b,https://xoso.com.vn/xsmn-25-03-2024.html,OK
2024-04-01,Monday,DONG_THAP,792804,34258,83277,41043,41859,76169,04561,45656,62651,74384,19731,81026,3201,5717,4668,9388,500,69,bfd42192470ea854,https://xoso.com.vn/xsmn-01-04-2024.html,OK
2024-04-08,Monday,DONG_THAP,516068,25639,55890,54419,78499,66044,08285,24924,75626,01956,48827,49746,0037,3115,3225,0078,329,94,f4974245e77c48c8,https://xoso.com.vn/xsmn-08-04-2024.html,OK
2024-04-15,Monday,DONG_THAP,746822,51884,26044,91127,49515,60543,96122,77367,02549,58653,84818,92788,5548,5414,6950,8819,833,41,352c3951c87ac980,https://xoso.com.vn/xsmn-15-04-2024.html,OK
2024-04-22,Monday,DONG_THAP,760456,78848,23089,17597,84172,91257,22443,16090,47153,81140,45221,40404,8845,2465,5294,1957,717,36,e1af1df5ab524f94,https://xoso.com.vn/xsmn-22-04-2024.html,OK
2024-04-29,Monday,DONG_THAP,994054,00449,53483,82581,80859,38185,28993,17719,02258,11695,95812,88062,5177,8231,5011,3447,417,48,8ff3435c71cced6d,https://xoso.com.vn/xsmn-29-04-2024.html,OK
2024-05-06,Monday,DONG_THAP,654038,96193,63877,46989,78291,60389,11339,89968,46397,28213,87410,75131,9557,0068,1110,7296,932,71,f6ed9c0d77e61f4d,https://xoso.com.vn/xsmn-06-05-2024.html,OK
2024-05-13,Monday,DONG_THAP,031128,51682,27762,77280,81465,15620,42600,20077,77466,45736,65610,37891,3667,9918,7477,0377,214,64,5884fff11eb0af0d,https://xoso.com.vn/xsmn-13-05-2024.html,OK
2024-05-20,Monday,DONG_THAP,982772,79275,82289,75330,05031,02542,48600,71637,40175,16263,42309,69548,8579,4326,6767,9475,452,53,50cb72e80f53fb3b,https://xoso.com.vn/xsmn-20-05-2024.html,OK
2024-05-27,Monday,DONG_THAP,575556,00198,01040,10005,69028,67307,56100,65126,54553,23014,54923,60575,5832,9919,3111,2550,559,45,0fda87b4d95d948f,https://xoso.com.vn/xsmn-27-05-2024.html,OK
2024-06-03,Monday,DONG_THAP,453876,50571,93894,63223,52829,43058,18384,94610,79801,49986,93460,31972,6475,8677,6475,4756,384,99,f0a752c0890af86b,https://xoso.com.vn/xsmn-03-06-2024.html,OK
2024-06-10,Monday,DONG_THAP,451188,91935,29884,44901,68822,34746,35747,12533,50771,66370,19857,00749,2765,1564,2073,8980,585,69,c07c7db44722e247,https://xoso.com.vn/xsmn-10-06-2024.html,OK
2024-06-17,Monday,DONG_THAP,029715,93735,50275,32370,32989,86081,08848,34555,04855,53102,58608,23922,6409,8941,7340,6372,538,21,f6354a7f292c7698,https://xoso.com.vn/xsmn-17-06-2024.html,OK
2024-06-24,Monday,DONG_THAP,996243,53350,92552,32361,25902,14596,29834,31396,96607,04262,76639,38537,5178,0951,2129,5312,479,94,44b2fe08cf047048,https://xoso.com.vn/xsmn-24-06-2024.html,OK
2024-07-01,Monday,DONG_THAP,499909,99992,32233,64789,44719,60239,95716,01263,42585,78531,03619,89199,6673,9276,3745,5432,203,62,562974afde21f7cb,https://xoso.com.vn/xsmn-01-07-2024.html,OK
2024-07-08,Monday,DONG_THAP,039060,55969,46631,64468,67119,34271,07855,54267,90670,96704,83829,98106,5183,5617,6856,3718,278,84,ce9df94641599e13,https://xoso.com.vn/xsmn-08-07-2024.html,OK
2024-07-15,Monday,DONG_THAP,730810,00858,66182,51764,04564,77886,26842,18396,18688,96939,51593,67342,1982,0170,9295,3229,773,67,801098465b6a8fd9,https://xoso.com.vn/xsmn-15-07-2024.html,OK
2024-07-22,Monday,DONG_THAP,273350,45270,25104,88267,89086,73046,54495,58049,57828,53136,47097,51378,5135,7711,9593,6832,517,66,c8dea82d611f8022,https://xoso.com.vn/xsmn-22-07-2024.html,OK
2024-07-29,Monday,DONG_THAP,746259,30958,32944,30660,57803,61919,54253,25931,53941,07053,75003,33613,7330,9263,5382,9164,197,61,44de926f61431c24,https://xoso.com.vn/xsmn-29-07-2024.html,OK
2024-08-05,Monday,DONG_THAP,292213,64344,53721,25480,72941,82754,58737,01247,08865,42423,68737,95010,3663,3589,1520,8317,968,03,bd28028a01c2aa74,https://xoso.com.vn/xsmn-05-08-2024.html,OK
2024-08-12,Monday,DONG_THAP,382377,97340,58625,98203,27504,92909,01658,99606,78480,71761,49589,48410,3597,4120,0597,4707,147,95,ac3176a95e3e81d4,https://xoso.com.vn/xsmn-12-08-2024.html,OK
2024-08-19,Monday,DONG_THAP,378564,43053,26331,22336,60822,68563,34538,04548,35672,38191,17542,62479,9128,9963,4553,8929,144,66,090ae50eb44e2fa3,https://xoso.com.vn/xsmn-19-08-2024.html,OK
2024-08-26,Monday,DONG_THAP,331078,25438,74294,26921,55350,11574,23186,93327,22996,82847,91102,84508,1278,3708,5981,4970,680,98,b16cf57c0f154dcd,https://xoso.com.vn/xsmn-26-08-2024.html,OK
2024-09-02,Monday,DONG_THAP,470806,04203,88064,91016,78303,09671,33714,79847,14458,92727,25619,08970,8174,4009,4455,7781,231,98,ed05412ed1cea230,https://xoso.com.vn/xsmn-02-09-2024.html,OK
2024-09-09,Monday,DONG_THAP,163693,31144,00599,78307,61984,44537,77686,96812,34123,53297,17530,80792,1450,5301,8351,9039,326,34,aa65bf0b31498134,https://xoso.com.vn/xsmn-09-09-2024.html,OK
2024-09-16,Monday,DONG_THAP,064458,44945,50667,26563,09332,53543,59695,42603,77900,05037,81470,30444,8446,7723,8446,8089,600,21,e795f5ce6c8e971a,https://xoso.com.vn/xsmn-16-09-2024.html,OK
2024-09-23,Monday,DONG_THAP,032038,46517,56866,71415,89797,90696,67590,62403,87759,57699,47470,99636,8654,0493,8968,2655,221,54,d514d4aba667c576,https://xoso.com.vn/xsmn-23-09-2024.html,OK
2024-09-30,Monday,DONG_THAP,212513,91151,00573,55771,94785,97014,22253,99903,84888,13429,23991,30211,2257,6461,5505,8329,764,63,474385fc1c11bb87,https://xoso.com.vn/xsmn-30-09-2024.html,OK
2024-10-07,Monday,DONG_THAP,951328,39451,43121,14342,41421,16462,10038,52699,90261,75341,60812,30264,3846,5899,4644,0172,900,69,c804d32f3f736293,https://xoso.com.vn/xsmn-07-10-2024.html,OK
2024-10-14,Monday,DONG_THAP,902602,55349,53367,73446,26265,31683,41680,46660,46345,78395,07701,32918,8101,7594,1737,0875,371,65,69651bbbe9e16a39,https://xoso.com.vn/xsmn-14-10-2024.html,OK
2024-10-21,Monday,DONG_THAP,197268,87221,99660,91048,46362,70487,63514,37871,08050,26423,86439,08965,9347,2006,8887,9992,012,70,4d9ad09e4775c322,https://xoso.com.vn/xsmn-21-10-2024.html,OK
2024-10-28,Monday,DONG_THAP,949617,39872,33826,28428,51136,97561,26115,49869,88518,74768,70458,74256,4407,7035,8427,1575,529,03,47c8176b0875e586,https://xoso.com.vn/xsmn-28-10-2024.html,OK
2024-11-04,Monday,DONG_THAP,533584,24097,20821,77361,70112,92255,43671,07019,72688,78243,68636,68503,2471,9963,4885,3010,451,19,7201d0a72f32177c,https://xoso.com.vn/xsmn-04-11-2024.html,OK
2024-11-11,Monday,DONG_THAP,968131,55030,28525,06878,32416,07948,62140,32639,27071,18154,73901,74981,7518,4485,4577,2937,401,14,a0ea4ab82de4e154,https://xoso.com.vn/xsmn-11-11-2024.html,OK
2024-11-18,Monday,DONG_THAP,901085,64720,49158,30639,31992,51333,42293,21283,43855,01677,29566,51726,1413,4205,3792,1909,496,78,a4e8fd3b28f15b0c,https://xoso.com.vn/xsmn-18-11-2024.html,OK
2024-11-25,Monday,DONG_THAP,744864,70343,77433,55035,42176,11276,40104,98906,38292,94624,43143,80703,0241,4122,0353,9115,841,14,57fc856dfd0ffd26,https://xoso.com.vn/xsmn-25-11-2024.html,OK
2024-12-02,Monday,DONG_THAP,728636,74427,89133,60243,06547,14646,30989,01331,91543,98644,38653,95282,7902,7892,9256,5060,190,10,ee4f912740bbba64,https://xoso.com.vn/xsmn-02-12-2024.html,OK
2024-12-09,Monday,DONG_THAP,443001,73322,99048,12908,95205,96572,46200,98502,64167,06864,39226,35598,4370,4512,4884,4734,422,98,8f3cfd96d3ce9430,https://xoso.com.vn/xsmn-09-12-2024.html,OK
2024-12-16,Monday,DONG_THAP,854906,38612,01850,28430,02380,07172,40160,98388,84931,54641,36581,89249,8857,6695,6930,8768,327,60,9271c6fc895388e6,https://xoso.com.vn/xsmn-16-12-2024.html,OK
2024-12-23,Monday,DONG_THAP,857125,92903,62254,89103,96398,00318,42505,65141,23273,18816,54514,25198,4323,6733,0673,5397,814,01,9361bf46cafc387f,https://xoso.com.vn/xsmn-23-12-2024.html,OK
2024-12-30,Monday,DONG_THAP,547297,12400,85256,93679,09334,28212,44230,52356,51396,49090,40009,01434,9380,2414,1265,2712,193,77,9f7dabacac7746c6,https://xoso.com.vn/xsmn-30-12-2024.html,OK
2025-01-06,Monday,DONG_THAP,209792,88395,07864,41331,90439,96456,81693,67277,26597,74364,70773,35938,4071,2530,3520,6976,468,04,2c2919c00351770a,https://xoso.com.vn/xsmn-06-01-2025.html,OK
2025-01-13,Monday,DONG_THAP,506150,16655,31914,65811,69160,95151,46109,71888,68408,35664,20470,69956,9181,9338,4423,0490,591,08,925a330e6b41888c,https://xoso.com.vn/xsmn-13-01-2025.html,OK
2025-01-20,Monday,DONG_THAP,282995,44093,87555,16106,62058,44379,26707,58929,99226,51830,31151,19723,6833,5884,3983,9829,269,14,4c5935c6fbd261b3,https://xoso.com.vn/xsmn-20-01-2025.html,OK
2025-01-27,Monday,DONG_THAP,364775,92543,18017,50441,99067,67496,32000,88804,72284,82511,19428,34212,0791,1955,8467,9711,792,61,0fe0c5d30605e1fb,https://xoso.com.vn/xsmn-27-01-2025.html,OK
2025-02-03,Monday,DONG_THAP,402639,02771,56973,84656,91099,71700,78380,59418,80658,24018,22300,11693,5259,9513,7451,8999,135,95,6a12ebea78372415,https://xoso.com.vn/xsmn-03-02-2025.html,OK
2025-02-10,Monday,DONG_THAP,161141,98123,94124,59098,88197,05048,90066,56471,60788,85852,37457,90908,9415,0590,2802,0628,203,90,d6bf753ea34b217d,https://xoso.com.vn/xsmn-10-02-2025.html,OK
2025-02-17,Monday,DONG_THAP,312488,73382,03035,46984,61319,69017,74187,34466,64251,23452,40719,94211,0895,3106,2699,4915,625,94,52a85974e93efc4a,https://xoso.com.vn/xsmn-17-02-2025.html,OK
2025-02-24,Monday,DONG_THAP,184108,18251,00127,85912,96395,30471,01305,46420,11109,14168,89590,74119,3614,3299,7921,9345,541,41,09e4a088e86c4702,https://xoso.com.vn/xsmn-24-02-2025.html,OK
2025-03-03,Monday,DONG_THAP,657888,03715,07953,32315,72722,43560,36451,18692,85385,36948,40519,73268,9826,2764,9901,0820,033,47,5396646b217f5084,https://xoso.com.vn/xsmn-03-03-2025.html,OK
2025-03-10,Monday,DONG_THAP,526887,68493,45859,11614,39488,07778,02928,54604,23200,74037,79219,04135,1013,0163,3640,5985,173,64,d34f33e713167af9,https://xoso.com.vn/xsmn-10-03-2025.html,OK
2025-03-17,Monday,DONG_THAP,615833,90592,78770,88746,26017,32473,74648,89007,54346,90881,20098,46100,1911,4052,6324,1057,877,50,89b9fe56f3c407d5,https://xoso.com.vn/xsmn-17-03-2025.html,OK
2025-03-24,Monday,DONG_THAP,487643,19955,81532,80922,20907,59026,77843,67889,46683,75318,93745,97434,9051,7828,9435,5045,864,09,c502536dce21c6f6,https://xoso.com.vn/xsmn-24-03-2025.html,OK
2025-03-31,Monday,DONG_THAP,075342,50901,85574,74853,96117,25311,62610,24835,50244,64571,10304,96732,4511,1125,0883,3563,052,96,c3639368f4e6f62e,https://xoso.com.vn/xsmn-31-03-2025.html,OK
2025-04-07,Monday,DONG_THAP,707033,14585,83127,54918,79466,90177,66554,39448,10305,33901,64842,48786,7547,0341,6274,0387,169,86,9eaf074af20b09fd,https://xoso.com.vn/xsmn-07-04-2025.html,OK
2025-04-14,Monday,DONG_THAP,382771,26749,87474,64373,05072,07032,80477,32937,27529,24290,43247,26252,1660,8335,4100,2899,639,12,b7877d1bf5d1eb6e,https://xoso.com.vn/xsmn-14-04-2025.html,OK
2025-04-21,Monday,DONG_THAP,055533,59475,21550,17621,58786,67753,82347,52552,83513,46929,33023,56476,7817,6589,8001,0111,140,30,a0256bf32402a6ce,https://xoso.com.vn/xsmn-21-04-2025.html,OK
2025-04-28,Monday,DONG_THAP,277711,91648,76167,90233,70891,10604,34960,02928,97866,70037,10462,97432,1970,7752,8812,8732,398,83,e9647bf3929df96e,https://xoso.com.vn/xsmn-28-04-2025.html,OK
2025-05-05,Monday,DONG_THAP,668296,03881,40628,11236,64086,21845,77169,11871,27701,71982,87261,54593,4579,9017,8619,5472,950,67,e08768079b576423,https://xoso.com.vn/xsmn-05-05-2025.html,OK
2025-05-12,Monday,DONG_THAP,697679,90304,23785,67184,87146,30210,00463,32171,86318,85994,53932,41960,4382,5443,0780,5757,725,10,33c3dc9091dc988e,https://xoso.com.vn/xsmn-12-05-2025.html,OK
2025-05-19,Monday,DONG_THAP,701666,09889,34498,34357,51047,45430,19223,12982,17492,88928,16767,29967,3786,4890,2749,9054,332,34,fa28a00512151a7d,https://xoso.com.vn/xsmn-19-05-2025.html,OK
2025-05-26,Monday,DONG_THAP,003001,82478,71069,22549,27296,52148,36012,08040,43807,24904,28812,64905,7329,7782,7013,6162,773,43,8d02aaf3ac810b73,https://xoso.com.vn/xsmn-26-05-2025.html,OK
2025-06-02,Monday,DONG_THAP,724424,85498,93954,11639,26088,90391,57010,76666,84481,29933,23101,26931,9653,2768,4181,2040,253,25,850c7f41d7990995,https://xoso.com.vn/xsmn-02-06-2025.html,OK
2025-06-09,Monday,DONG_THAP,843515,32004,89268,23980,91974,17001,28946,68700,79120,09202,16121,68000,4230,8593,0610,8216,654,33,43f615c9478a2e23,https://xoso.com.vn/xsmn-09-06-2025.html,OK
2025-06-16,Monday,DONG_THAP,163787,74553,78348,55976,00502,56560,91205,93108,11561,44586,14368,83820,2605,2625,9627,6150,012,53,059d2179bb8f6c16,https://xoso.com.vn/xsmn-16-06-2025.html,OK
2025-06-23,Monday,DONG_THAP,614642,47997,23284,64539,25762,66816,34324,83005,33656,81946,87018,32907,7567,5606,1041,3176,172,70,73e803149f2c6eab,https://xoso.com.vn/xsmn-23-06-2025.html,OK
2025-06-30,Monday,DONG_THAP,515217,80336,71368,28307,26127,32052,63676,83509,28840,21963,68089,77548,7146,7121,1967,8614,806,38,1ef375c0dc3a78c7,https://xoso.com.vn/xsmn-30-06-2025.html,OK
2025-07-07,Monday,DONG_THAP,521905,52413,89923,60065,31448,06040,87118,33224,32013,06403,55996,74886,1270,5729,6016,1237,300,92,0981a1f85af1ad3e,https://xoso.com.vn/xsmn-07-07-2025.html,OK
2025-07-14,Monday,DONG_THAP,018374,84107,97043,77788,42976,75801,81827,49258,69158,34116,09478,14708,3916,3560,3331,3179,874,03,7c60f3d971283a30,https://xoso.com.vn/xsmn-14-07-2025.html,OK
2025-07-21,Monday,DONG_THAP,117591,84292,98381,04803,77145,91232,67642,43402,83085,41427,16528,56912,8255,6696,5223,0657,158,41,da05480f9d72177c,https://xoso.com.vn/xsmn-21-07-2025.html,OK
2025-07-28,Monday,DONG_THAP,862710,12364,29990,91146,87089,00518,97128,27624,89299,62769,22008,23368,6214,6847,9901,3527,713,33,ed58dd51681e339a,https://xoso.com.vn/xsmn-28-07-2025.html,OK
2025-08-04,Monday,DONG_THAP,415394,72001,47844,16318,38638,06911,78064,78200,05083,97698,26797,42028,5601,1233,0185,7290,161,37,fd13ec1c184b910c,https://xoso.com.vn/xsmn-04-08-2025.html,OK
2025-08-11,Monday,DONG_THAP,501282,95826,05243,07935,05300,86674,99817,72029,51203,22262,63922,68175,9379,9492,0626,0799,462,53,f0abb01ebbddd452,https://xoso.com.vn/xsmn-11-08-2025.html,OK
2025-08-18,Monday,DONG_THAP,756396,10804,92602,27725,11976,04536,37657,05484,85255,90500,04099,78392,5713,9539,7853,5393,190,22,ab1d4aa9b5316e0e,https://xoso.com.vn/xsmn-18-08-2025.html,OK
2025-08-25,Monday,DONG_THAP,624464,81099,24409,99870,88336,91088,26329,10316,61631,65036,11655,99968,0243,1828,4370,4398,576,75,96629d0665cdfd4f,https://xoso.com.vn/xsmn-25-08-2025.html,OK
2025-09-01,Monday,DONG_THAP,971442,54354,56756,93316,68785,18901,80193,51230,97860,59000,55492,42288,4668,1881,9539,2487,571,13,87bfc26a276311e8,https://xoso.com.vn/xsmn-01-09-2025.html,OK
2025-09-08,Monday,DONG_THAP,209260,05568,02360,51846,22949,36062,45284,24532,18265,59133,27760,42473,4286,4621,2922,2175,638,09,dc0bc66a51e213c3,https://xoso.com.vn/xsmn-08-09-2025.html,OK
2025-09-15,Monday,DONG_THAP,958227,58235,51812,11113,29677,20299,69403,33976,68802,32092,06796,75616,2734,4033,7337,4432,836,73,2a7b805c7dd07bf9,https://xoso.com.vn/xsmn-15-09-2025.html,OK
2025-09-22,Monday,DONG_THAP,767276,38273,35656,74058,81383,96874,00168,87150,31541,68566,25415,66233,4440,8705,0576,7611,190,48,3b9b63b2436867a5,https://xoso.com.vn/xsmn-22-09-2025.html,OK
2025-09-29,Monday,DONG_THAP,570026,38491,90130,63719,27414,73750,48483,05338,72287,74164,86606,73252,3601,0742,5038,5576,851,38,a16aaea3370af9cf,https://xoso.com.vn/xsmn-29-09-2025.html,OK
2025-10-06,Monday,DONG_THAP,031115,52038,38435,86807,50903,75874,77564,06773,44162,41237,08626,36238,5523,6541,6332,0478,613,92,7f7feca02c02d191,https://xoso.com.vn/xsmn-06-10-2025.html,OK
2025-10-13,Monday,DONG_THAP,748614,48764,87476,48170,41946,17605,48075,34159,16450,99161,76138,72971,1715,5946,6087,2941,119,84,dc1cb478d7fb6f00,https://xoso.com.vn/xsmn-13-10-2025.html,OK
2025-10-20,Monday,DONG_THAP,454826,84774,93914,43650,19628,62981,92160,66837,49614,67402,52895,02040,2672,8879,0951,3457,665,74,3e7260225dca3859,https://xoso.com.vn/xsmn-20-10-2025.html,OK
2025-10-27,Monday,DONG_THAP,278861,23241,06755,12352,72835,01398,27476,95501,30066,10357,43231,52664,3369,4061,2003,2254,544,92,ecc170b88cc4632b,https://xoso.com.vn/xsmn-27-10-2025.html,OK
2025-11-03,Monday,DONG_THAP,159591,27084,20092,89228,55821,65181,64720,45438,61624,15770,88874,70912,5969,0701,2001,7627,740,24,56619385648f6f4a,https://xoso.com.vn/xsmn-03-11-2025.html,OK
2025-11-10,Monday,DONG_THAP,643667,29113,08033,73177,51137,68253,07551,92488,54897,07416,78843,57313,4279,2174,5130,8752,364,79,5d5dc86c08d4ac02,https://xoso.com.vn/xsmn-10-11-2025.html,OK
2025-11-17,Monday,DONG_THAP,318592,55674,98724,87477,74202,21182,07946,74543,91621,58504,92792,14608,4808,3558,8256,5985,817,05,0dfe0e1cab4e9250,https://xoso.com.vn/xsmn-17-11-2025.html,OK
2025-11-24,Monday,DONG_THAP,566862,66193,65950,37474,06404,12848,00813,69376,70511,01459,94308,04379,4326,8473,0907,9291,044,52,9cd14333f43004b2,https://xoso.com.vn/xsmn-24-11-2025.html,OK
2025-12-01,Monday,DONG_THAP,569537,11846,44424,00338,40595,61652,37065,46123,67132,36495,95607,47145,7404,3680,6897,8109,412,35,c802336355f56720,https://xoso.com.vn/xsmn-01-12-2025.html,OK
2025-12-08,Monday,DONG_THAP,652680,70230,84172,21575,41760,22029,40207,66111,01822,01096,19553,33584,9897,3192,4110,1667,351,11,b2ca05cbd53c55f1,https://xoso.com.vn/xsmn-08-12-2025.html,OK
2025-12-15,Monday,DONG_THAP,606708,47982,47280,68950,35746,83051,41469,66680,35498,75591,03430,65529,7599,9323,6756,7516,208,83,e8adc19a08088976,https://xoso.com.vn/xsmn-15-12-2025.html,OK
2025-12-22,Monday,DONG_THAP,641409,88060,51445,29069,94370,45458,93354,67444,25467,08106,32284,41130,2085,8756,4269,2029,122,47,22d4159a48895681,https://xoso.com.vn/xsmn-22-12-2025.html,OK
2025-12-29,Monday,DONG_THAP,151213,53599,64912,29273,75912,75244,62248,94134,04890,86411,42084,63089,9054,4983,7939,2426,518,01,5dc604f0e4a3933d,https://xoso.com.vn/xsmn-29-12-2025.html,OK
2026-01-05,Monday,DONG_THAP,247563,23430,10523,01587,83250,30067,17785,19439,22106,60895,44504,17408,6380,4755,6251,8451,036,19,c403bdb595abd916,https://xoso.com.vn/xsmn-05-01-2026.html,OK
2026-01-12,Monday,DONG_THAP,941284,63550,01781,32140,44707,14656,74787,80283,93410,29433,00177,56442,5190,0179,7086,9641,399,35,b1b02d935d1738f5,https://xoso.com.vn/xsmn-12-01-2026.html,OK
2026-01-19,Monday,DONG_THAP,786514,11850,81835,81677,71298,61007,82295,85228,63206,15120,06665,09537,6387,6268,6577,9646,870,94,97b90972d69f0566,https://xoso.com.vn/xsmn-19-01-2026.html,OK
2026-01-26,Monday,DONG_THAP,180906,55538,31070,49892,56013,06204,23952,49076,11721,93900,00696,91792,7290,2462,9467,0605,943,57,8e796cf413d45ce8,https://xoso.com.vn/xsmn-26-01-2026.html,OK
2026-02-02,Monday,DONG_THAP,171345,70280,33198,02752,15589,04151,24783,55700,71080,95594,86302,51032,9257,0429,6866,8004,727,64,04fce0f9480be9dc,https://xoso.com.vn/xsmn-02-02-2026.html,OK
2026-02-09,Monday,DONG_THAP,132030,37364,19210,13048,93915,54102,02432,27210,87691,37793,92850,85762,4445,9441,7286,6297,866,74,b26dbd418e3e0202,https://xoso.com.vn/xsmn-09-02-2026.html,OK
2026-02-16,Monday,DONG_THAP,289978,37305,95965,23562,53991,49837,61321,99940,71159,87316,64952,27120,5372,5234,7309,7371,288,67,64ada8fdbcbd123b,https://xoso.com.vn/xsmn-16-02-2026.html,OK
2026-02-23,Monday,DONG_THAP,586568,78965,11280,82199,17737,35507,81488,44958,62071,83255,71271,79058,2592,3452,5668,7096,061,89,d13fa2a9ef3681e2,https://xoso.com.vn/xsmn-23-02-2026.html,OK
2026-03-02,Monday,DONG_THAP,712198,14852,87662,68290,44725,48178,43199,29807,20667,41522,06025,60175,9287,5452,6469,7717,093,49,615d3459052b8d1a,https://xoso.com.vn/xsmn-02-03-2026.html,OK
2026-03-09,Monday,DONG_THAP,686789,09424,01200,20443,94251,46345,16657,01782,03977,32894,26229,88621,5381,9424,3443,8520,622,93,47d542fc1fd25934,https://xoso.com.vn/xsmn-09-03-2026.html,OK
2026-03-16,Monday,DONG_THAP,525515,41635,30732,67921,21293,85346,64565,48924,61305,14368,06995,04311,1489,9461,9766,7162,150,13,df6349a90ec54323,https://xoso.com.vn/xsmn-16-03-2026.html,OK
2026-03-23,Monday,DONG_THAP,900948,23149,68374,19039,88295,72539,90221,06453,48658,76181,12688,72511,2226,3489,5212,2039,436,95,f22db57090dd2711,https://xoso.com.vn/xsmn-23-03-2026.html,OK
2026-03-30,Monday,DONG_THAP,790409,28801,30330,85456,77619,39247,38302,75338,01592,32901,74938,52791,3386,4412,7131,2602,848,82,ed8807a2aef3f490,https://xoso.com.vn/xsmn-30-03-2026.html,OK
2026-04-06,Monday,DONG_THAP,800776,38611,76652,92717,17824,48500,03354,54607,73100,92285,32906,52108,9188,1279,5693,2401,958,46,8fd98a32cc323c3f,https://xoso.com.vn/xsmn-06-04-2026.html,OK
2026-04-13,Monday,DONG_THAP,699223,57620,57301,30122,18501,60780,39898,32050,51588,63416,81580,76784,9435,1180,5773,6743,186,14,5427615658a25fdb,https://xoso.com.vn/xsmn-13-04-2026.html,OK
2026-04-20,Monday,DONG_THAP,789922,31239,63003,06168,05023,96690,25408,65465,79608,23595,00460,83899,9878,3984,0602,8027,182,18,25ef1e482111bd06,https://xoso.com.vn/xsmn-20-04-2026.html,OK
2026-04-27,Monday,DONG_THAP,809522,49884,42933,06127,15687,43782,67449,91667,78198,97930,71500,39190,3644,6989,2808,1903,760,91,7245ca7aa75439f7,https://xoso.com.vn/xsmn-27-04-2026.html,OK
2026-05-04,Monday,DONG_THAP,024185,53825,34014,53819,86610,40452,94528,40714,64672,24213,24901,57820,7853,5590,2646,9824,123,04,680316f35b890a5b,https://xoso.com.vn/xsmn-04-05-2026.html,OK
2026-05-11,Monday,DONG_THAP,586853,10834,13525,25196,27523,15077,05897,32136,04951,59816,93995,52592,5258,8086,5721,0071,101,08,f87e816eadccf8e7,https://xoso.com.vn/xsmn-11-05-2026.html,OK
2026-05-18,Monday,DONG_THAP,043809,06150,49594,85449,41577,59961,80946,01809,57081,78358,31074,02532,5467,4714,4266,3586,096,48,456ad714310063cb,https://xoso.com.vn/xsmn-18-05-2026.html,OK
2026-05-25,Monday,DONG_THAP,017030,00108,59082,27561,98473,67908,77366,73044,56668,14192,97359,14532,8818,7135,7193,7359,257,72,d7ae0b03b310bca4,https://xoso.com.vn/xsmn-25-05-2026.html,OK
2026-06-01,Monday,DONG_THAP,732919,27980,44167,45918,13591,59305,33019,93101,24034,51330,07240,33834,7315,2628,0430,4785,244,48,03b5b1ec9f9404d2,https://xoso.com.vn/xsmn-01-06-2026.html,OK
2026-06-08,Monday,DONG_THAP,400162,55722,25502,55193,19092,50441,88853,91836,21303,89969,97609,00778,5163,1537,1653,6829,954,93,4ac642452a370eb4,https://xoso.com.vn/xsmn-08-06-2026.html,OK
2026-06-15,Monday,DONG_THAP,105318,20779,20258,91022,30086,52472,67062,77819,45346,26013,92814,83903,8203,9076,2509,5374,581,98,475e7f8d846a3dee,https://xoso.com.vn/xsmn-15-06-2026.html,OK
2026-06-22,Monday,DONG_THAP,524922,26079,49087,84109,04775,31102,10435,02201,15725,03080,85311,59844,4687,1959,8692,7515,906,73,eb94cbf3c3fb4748,https://xoso.com.vn/xsmn-22-06-2026.html,OK
2026-06-29,Monday,DONG_THAP,974245,91459,26041,37820,47193,51988,29868,72006,45580,63229,36275,04545,8620,5468,4810,5872,530,71,b9d7746f8f8c7a82,https://xoso.com.vn/xsmn-29-06-2026.html,OK
2026-07-06,Monday,DONG_THAP,497852,01422,22357,27799,45705,29880,05713,76396,64836,08839,72144,47838,1562,4859,4196,7958,642,27,a2c6b754549ae646,https://xoso.com.vn/xsmn-06-07-2026.html,OK
2026-07-13,Monday,DONG_THAP,439097,10472,47597,13182,13302,93536,92699,52930,41349,60250,89452,33980,8451,5538,3369,6966,032,04,89e6b2022047bda9,https://xoso.com.vn/xsmn-13-07-2026.html,OK
2026-07-20,Monday,DONG_THAP,957501,34324,45929,40432,26247,47209,49258,41358,51158,73571,26498,49738,5650,2440,9107,0253,524,20,15834be63292f309,https://xoso.com.vn/xsmn-20-07-2026.html,OK
2026-07-27,Monday,DONG_THAP,770181,00917,93478,11345,42750,69999,50385,77699,27526,31988,79163,86394,8664,4371,3269,3131,270,63,f14b0d2f80647f2e,https://xoso.com.vn/xsmn-27-07-2026.html,OK
2026-08-03,Monday,DONG_THAP,409865,28607,77306,52305,66557,98361,33249,35157,94637,23162,21222,01822,2458,3031,3246,5685,511,61,fc06c017fd9e8719,https://xoso.com.vn/xsmn-03-08-2026.html,OK
2026-08-10,Monday,DONG_THAP,896271,12799,82454,91028,25865,16360,50284,02971,24038,75328,54821,98786,8752,7491,7975,7495,980,21,aef155fa4f425b4b,https://xoso.com.vn/xsmn-10-08-2026.html,OK
2026-08-17,Monday,DONG_THAP,553908,97285,24031,18524,27163,35818,67504,55923,72122,67680,81286,96970,2850,8035,1607,4752,217,71,448050c428d5ef70,https://xoso.com.vn/xsmn-17-08-2026.html,OK
