date,issue
2020-04-01,NO_RESULT_TABLE
2020-04-02,NO_RESULT_TABLE
2020-04-03,NO_RESULT_TABLE
2020-04-04,NO_RESULT_TABLE
2020-04-05,NO_RESULT_TABLE
2020-04-07,NO_RESULT_TABLE
2020-04-08,NO_RESULT_TABLE
2020-04-06,NO_RESULT_TABLE
2020-04-09,NO_RESULT_TABLE
2020-04-11,NO_RESULT_TABLE
2020-04-10,NO_RESULT_TABLE
2020-04-12,NO_RESULT_TABLE
2020-04-13,NO_RESULT_TABLE
2020-04-15,NO_RESULT_TABLE
2020-04-14,NO_RESULT_TABLE
2020-04-16,NO_RESULT_TABLE
2020-04-17,NO_RESULT_TABLE
2020-04-19,NO_RESULT_TABLE
2020-04-18,NO_RESULT_TABLE
2020-04-20,NO_RESULT_TABLE
2020-04-21,NO_RESULT_TABLE
2020-04-22,NO_RESULT_TABLE
2020-04-26,NO_RESULT_TABLE
2020-04-23,NO_RESULT_TABLE
2020-04-25,NO_RESULT_TABLE
2020-04-28,NO_RESULT_TABLE
2020-04-24,NO_RESULT_TABLE
2020-04-27,NO_RESULT_TABLE
2021-07-10,NO_RESULT_TABLE
2021-07-09,NO_RESULT_TABLE
2021-07-11,NO_RESULT_TABLE
2021-07-12,NO_RESULT_TABLE
2021-07-13,NO_RESULT_TABLE
2021-07-14,NO_RESULT_TABLE
2021-07-16,NO_RESULT_TABLE
2021-07-17,NO_RESULT_TABLE
2021-07-15,NO_RESULT_TABLE
2021-07-18,NO_RESULT_TABLE
2021-07-21,NO_RESULT_TABLE
2021-07-20,NO_RESULT_TABLE
2021-07-22,NO_RESULT_TABLE
2021-07-19,NO_RESULT_TABLE
2021-07-23,NO_RESULT_TABLE
2021-07-24,NO_RESULT_TABLE
2021-07-26,NO_RESULT_TABLE
2021-07-27,NO_RESULT_TABLE
2021-07-25,NO_RESULT_TABLE
2021-07-29,NO_RESULT_TABLE
2021-07-28,NO_RESULT_TABLE
2021-08-01,NO_RESULT_TABLE
2021-07-30,NO_RESULT_TABLE
2021-07-31,NO_RESULT_TABLE
2021-08-03,NO_RESULT_TABLE
2021-08-04,NO_RESULT_TABLE
2021-08-02,NO_RESULT_TABLE
2021-08-06,NO_RESULT_TABLE
2021-08-07,NO_RESULT_TABLE
2021-08-05,NO_RESULT_TABLE
2021-08-08,NO_RESULT_TABLE
2021-08-09,NO_RESULT_TABLE
2021-08-10,NO_RESULT_TABLE
2021-08-12,NO_RESULT_TABLE
2021-08-13,NO_RESULT_TABLE
2021-08-11,NO_RESULT_TABLE
2021-08-14,NO_RESULT_TABLE
2021-08-15,NO_RESULT_TABLE
2021-08-17,NO_RESULT_TABLE
2021-08-16,NO_RESULT_TABLE
2021-08-19,NO_RESULT_TABLE
2021-08-20,NO_RESULT_TABLE
2021-08-21,NO_RESULT_TABLE
2021-08-18,NO_RESULT_TABLE
2021-08-22,NO_RESULT_TABLE
2021-08-23,NO_RESULT_TABLE
2021-08-26,NO_RESULT_TABLE
2021-08-24,NO_RESULT_TABLE
2021-08-25,NO_RESULT_TABLE
2021-08-27,NO_RESULT_TABLE
2021-08-28,NO_RESULT_TABLE
2021-08-29,NO_RESULT_TABLE
2021-08-31,NO_RESULT_TABLE
2021-08-30,NO_RESULT_TABLE
2021-09-01,NO_RESULT_TABLE
2021-09-02,NO_RESULT_TABLE
2021-09-03,NO_RESULT_TABLE
2021-09-05,NO_RESULT_TABLE
2021-09-04,NO_RESULT_TABLE
2021-09-08,NO_RESULT_TABLE
2021-09-07,NO_RESULT_TABLE
2021-09-09,NO_RESULT_TABLE
2021-09-06,NO_RESULT_TABLE
2021-09-11,NO_RESULT_TABLE
2021-09-14,NO_RESULT_TABLE
2021-09-12,NO_RESULT_TABLE
2021-09-15,NO_RESULT_TABLE
2021-09-16,NO_RESULT_TABLE
2021-09-13,NO_RESULT_TABLE
2021-09-10,NO_RESULT_TABLE
2021-09-17,NO_RESULT_TABLE
2021-09-20,NO_RESULT_TABLE
2021-09-21,NO_RESULT_TABLE
2021-09-18,NO_RESULT_TABLE
2021-09-19,NO_RESULT_TABLE
2021-09-22,NO_RESULT_TABLE
2021-09-23,NO_RESULT_TABLE
2021-09-25,NO_RESULT_TABLE
2021-09-24,NO_RESULT_TABLE
2021-09-27,NO_RESULT_TABLE
2021-09-26,NO_RESULT_TABLE
2021-09-28,NO_RESULT_TABLE
2021-09-29,NO_RESULT_TABLE
2021-10-03,NO_RESULT_TABLE
2021-10-01,NO_RESULT_TABLE
2021-09-30,NO_RESULT_TABLE
2021-10-02,NO_RESULT_TABLE
2021-10-04,NO_RESULT_TABLE
2021-10-05,NO_RESULT_TABLE
2021-10-06,NO_RESULT_TABLE
2021-10-07,NO_RESULT_TABLE
2021-10-10,NO_RESULT_TABLE
2021-10-09,NO_RESULT_TABLE
2021-10-08,NO_RESULT_TABLE
2021-10-11,NO_RESULT_TABLE
2021-10-12,NO_RESULT_TABLE
2021-10-14,NO_RESULT_TABLE
2021-10-13,NO_RESULT_TABLE
2021-10-15,NO_RESULT_TABLE
2021-10-16,NO_RESULT_TABLE
2021-10-17,NO_RESULT_TABLE
2021-10-18,NO_RESULT_TABLE
2021-10-19,NO_RESULT_TABLE
2021-10-21,NO_RESULT_TABLE
2021-10-20,NO_RESULT_TABLE
